year,month,mean_temp_c
1980,1,1.809
1980,2,4.3288
1980,3,6.2408
1980,4,7.6148
1980,5,11.6313
1980,6,16.4946
1980,7,19.0724
1980,8,21.0925
1980,9,17.8953
1980,10,12.1827
1980,11,7.1875
1980,12,1.8394
1981,1,0.3162
1981,2,2.3625
1981,3,7.8874
1981,4,10.6439
1981,5,13.5366
1981,6,18.5309
1981,7,19.385
1981,8,20.3907
1981,9,17.5284
1981,10,13.2961
1981,11,6.0477
1981,12,3.8323
1982,1,3.7524
1982,2,3.0475
1982,3,5.2758
1982,4,9.0881
1982,5,14.2307
1982,6,19.804
1982,7,22.2167
1982,8,20.6306
1982,9,18.9677
1982,10,12.5746
1982,11,8.4477
1982,12,4.6639
1983,1,3.8035
1983,2,1.7246
1983,3,6.8899
1983,4,10.3544
1983,5,14.1761
1983,6,17.8561
1983,7,23.1145
1983,8,20.2127
1983,9,17.6664
1983,10,12.8192
1983,11,7.4922
1983,12,3.6498
1984,1,2.8386
1984,2,2.4043
1984,3,4.8589
1984,4,8.6674
1984,5,12.0062
1984,6,16.7918
1984,7,20.7744
1984,8,19.3849
1984,9,16.0141
1984,10,12.7533
1984,11,8.781
1984,12,4.4661
1985,1,-0.2047
1985,2,3.4695
1985,3,5.6985
1985,4,9.964
1985,5,13.9401
1985,6,17.6847
1985,7,22.0679
1985,8,21.1375
1985,9,18.9573
1985,10,13.5018
1985,11,6.9598
1985,12,5.4495
1986,1,2.5935
1986,2,1.6526
1986,3,6.3573
1986,4,9.6203
1986,5,16.1375
1986,6,17.5029
1986,7,20.2591
1986,8,21.547
1986,9,17.5903
1986,10,13.7595
1986,11,8.0955
1986,12,3.1252
1987,1,1.6949
1987,2,3.8334
1987,3,3.1395
1987,4,9.9366
1987,5,12.5039
1987,6,17.5178
1987,7,21.9804
1987,8,21.4078
1987,9,20.2839
1987,10,14.2388
1987,11,8.2529
1987,12,5.3068
1988,1,5.1764
1988,2,4.0096
1988,3,5.967
1988,4,10.2509
1988,5,14.9926
1988,6,17.5479
1988,7,22.6214
1988,8,21.9655
1988,9,17.2104
1988,10,14.5255
1988,11,5.843
1988,12,3.4819
1989,1,3.234
1989,2,5.3931
1989,3,8.7997
1989,4,9.9871
1989,5,14.0113
1989,6,17.0454
1989,7,20.8298
1989,8,20.9694
1989,9,16.9061
1989,10,12.0327
1989,11,7.0163
1989,12,5.0427
2020,1,4.6065
2020,2,6.8517
2020,3,7.4037
2020,4,11.508
2020,5,15.9501
2020,6,18.5713
2020,7,22.4213
2020,8,23.0319
2020,9,18.9282
2020,10,12.5325
2020,11,9.6195
2020,12,5.2583
2021,1,3.1318
2021,2,6.2998
2021,3,6.825
2021,4,9.2887
2021,5,14.3112
2021,6,21.2295
2021,7,22.9004
2021,8,22.7042
2021,9,19.2808
2021,10,12.821
2021,11,9.1319
2021,12,4.6868
2022,1,3.7957
2022,2,5.6558
2022,3,6.2295
2022,4,10.2355
2022,5,16.9786
2022,6,22.6329
2022,7,24.62
2022,8,22.9563
2022,9,18.2961
2022,10,15.8748
2022,11,9.7569
2022,12,6.846
2023,1,4.7377
2023,2,5.0041
2023,3,8.5847
2023,4,10.0404
2023,5,14.6166
2023,6,19.7399
2023,7,23.9655
2023,8,22.8016
2023,9,20.1956
2023,10,16.9506
2023,11,9.4317
2023,12,6.3163
2024,1,5.1931
2024,2,7.6503
2024,3,9.206
2024,4,11.9426
2024,5,15.2874
2024,6,20.3381
2024,7,24.1701
2024,8,24.604
2024,9,17.9562
2024,10,15.2083
2024,11,9.0767
2024,12,4.9042
2025,1,5.35
2025,2,5.8668
2025,3,8.53
2025,4,11.643
2025,5,15.028
2025,6,22.7926
2025,7,22.8798
2025,8,22.4826
2025,9,18.8445
2025,10,13.1446
2025,11,8.5141
2025,12,6.3125
