country,year,jja_mean_temp_c,relief_per_person_h
italy,1980,18.9124,6.8366
italy,1981,19.4454,6.9786
italy,1982,20.8954,5.3069
italy,1983,20.422,5.5398
italy,1984,19.0075,7.0469
italy,1985,20.325,5.7845
italy,1986,19.7943,6.1313
italy,1987,20.3322,5.5756
italy,1988,20.746,5.3274
italy,1989,19.6428,6.2301
spain,1980,20.2291,5.9967
spain,1981,20.8392,6.2783
spain,1982,20.9503,5.382
spain,1983,20.5933,5.9907
spain,1984,20.2139,6.0327
spain,1985,21.2398,5.3917
spain,1986,21.0567,5.5809
spain,1987,20.9668,5.3195
spain,1988,19.9891,5.6698
spain,1989,21.9994,4.4539
greece,1980,22.0839,3.4049
greece,1981,22.3206,2.4761
greece,1982,22.3357,2.924
greece,1983,21.2028,4.0243
greece,1984,21.3631,4.7601
greece,1985,22.5899,2.7626
greece,1986,22.4723,2.5427
greece,1987,22.8665,2.7337
greece,1988,24.087,1.6214
greece,1989,21.7274,3.5854
italy,2020,21.3716,4.2685
italy,2021,22.2894,3.9049
italy,2022,23.4114,2.2003
italy,2023,22.1954,3.4593
italy,2024,23.0667,2.7133
italy,2025,22.7174,2.8387
spain,2020,22.4923,4.0403
spain,2021,22.1566,4.3117
spain,2022,24.2112,2.7897
spain,2023,23.3922,3.2984
spain,2024,23.0937,3.6467
spain,2025,24.1948,2.4547
greece,2020,23.2014,2.3834
greece,2021,24.7602,1.4173
greece,2022,23.9599,1.0303
greece,2023,24.2169,1.8938
greece,2024,26.1667,0.2464
greece,2025,24.8667,0.7537
eight_countries,1980,,6.4386
eight_countries,1981,,6.5107
eight_countries,1982,,5.5226
eight_countries,1983,,5.8938
eight_countries,1984,,6.6536
eight_countries,1985,,5.713
eight_countries,1986,,5.9085
eight_countries,1987,,5.5675
eight_countries,1988,,5.4474
eight_countries,1989,,5.6083
eight_countries,2020,,4.4644
eight_countries,2021,,4.2884
eight_countries,2022,,2.961
eight_countries,2023,,3.7575
eight_countries,2024,,3.2697
eight_countries,2025,,3.0976
